tipoPersona,1,2,3
aventurero,0.40579710144927533,0.2753623188405797,0.3188405797101449
fiestero,0.20512820512820512,0.20512820512820512,0.5897435897435896
tranquilo,0.28787878787878785,0.3333333333333333,0.37878787878787873
