tipoPersona,1,2,3
aventurero,0.536231884057971,0.23188405797101447,0.23188405797101447
fiestero,0.20512820512820512,0.5897435897435896,0.20512820512820512
tranquilo,0.2424242424242424,0.2424242424242424,0.5151515151515151
