tipoPersona,1,2
aventurero,0.6086956521739131,0.391304347826087
fiestero,0.3076923076923077,0.6923076923076923
tranquilo,0.45454545454545453,0.5454545454545454
