tipoPersona,1,2
aventurero,0.4782608695652174,0.5217391304347826
fiestero,0.3076923076923077,0.6923076923076923
tranquilo,0.6363636363636364,0.36363636363636365
